release_date,word,title,category,difficulty,definition,lore,
2026-09-08,SHAKE,The Classic Cocktail Shake,"17. Shaking, Stirring & Building",Beginner,"The essential bar technique of violently moving spirits, citrus, sugar, and ice within a shaker tin to simultaneously chill, dilute, and aerate.","As Harry Johnson noted in his 1882 Manual: drinks containing citrus, syrups, cream, or egg whites must always be shaken vigorously to create uniform texture and aeration.",
2026-09-09,AMARO,Italian Amaro,11. Aperitifs & Amari,Easy,"A category of bittersweet Italian herbal liqueurs traditionally macerated with roots, barks, herbs, citrus peel, and flowers.","Classics like the Paper Plane and Black Manhattan rely on Amari (Nonino and Averna) to substitute for triple sec or sweet vermouth, adding bitter complexity.",
2026-09-10,TWIST,Citrus Twist Expression,21. Garnishes,Medium,"An expressed strip of citrus peel (lemon, orange, or grapefruit) whose volatile essential oils are sprayed over the surface of a finished cocktail.",Expressing the zest skin-side down over a Martini or Sazerac provides intense citrus fragrance on the nose without introducing the juice's acidic citric liquid.,
2026-09-11,AGAVE,Blue Weber Agave,3. Core Spirits,Medium,"The succulent plant heart (piña) harvested, steamed or roasted, and fermented to distill authentic Tequila and Mezcal.","Agave nectar is the signature sweetener in Julio Bermejo's 1990 modern classic, the Tommy's Margarita, amplifying the 100% agave tequila notes.",
2026-09-12,SMASH,The Smash Family,4. Cocktail Families,Hard,"A historic 19th-century cocktail family marrying a spirit base with muddled fresh herbs (typically mint), citrus chunks, and cracked ice.","Documented by Jerry Thomas in 1862, the Smash was revitalized in 2008 by Jörg Meyer with the iconic Gin Basil Smash in Hamburg, Germany.",
2026-09-13,RINSE,Absinthe Glass Rinse,24. Bar Technique & Service,Expert,A technique where a minute volume of high-proof aromatic spirit is swirled around the inside of a chilled glass to coat it before discarding excess.,Essential to the New Orleans Sazerac: an Herbsaint or Absinthe rinse ensures the anise aroma is encountered with every sip without overwhelming the rye whiskey.,
2026-09-14,JULEP,The Mint Julep,4. Cocktail Families,Medium,"A historic American highball built from bourbon, crushed mint, sugar, and finely crushed pebble ice served inside a frost-coated silver cup.",The iconic silver or pewter cup is held by the rim or base so body heat does not melt the dense wall of ice frosting the vessel.,
2026-09-15,FLUTE,Champagne Flute,20. Glassware,Easy,"A tall, narrow glass with a long stem designed to concentrate carbonation bubbles and aroma in sparkling wine cocktails.","Ideal for the French 75 and Classic Champagne Cocktail, preserving effervescence by reducing surface area exposure to air.",
2026-09-16,FROTH,Emulsified Foam,"16. Eggs, Dairy & Texture",Hard,"The dense, velvety head formed atop sours and fizzes via the mechanical denaturation of egg white or aquafaba proteins during shaking.",Achieved via the 'dry shake' (shaking all ingredients without ice) followed by a wet shake with ice to chill and dilute.,
2026-09-17,CLOVE,Aromatic Clove Spice,14. Spice & Seasoning,Expert,"The dried aromatic flower bud of Syzygium aromaticum, rich in eugenol and essential to historic hot punches and Tiki spiced syrups.","A key botanical in classic Angostura aromatic bitters and vintage Caribbean Falernum, lending warming depth to dark spirits.",
2026-09-18,SHAKE,The Classic Cocktail Shake,"17. Shaking, Stirring & Building",Beginner,"The essential bar technique of violently moving spirits, citrus, sugar, and ice within a shaker tin to simultaneously chill, dilute, and aerate.","As Harry Johnson noted in his 1882 Manual: drinks containing citrus, syrups, cream, or egg whites must always be shaken vigorously to create uniform texture and aeration.",
2026-09-19,AMARO,Italian Amaro,11. Aperitifs & Amari,Easy,"A category of bittersweet Italian herbal liqueurs traditionally macerated with roots, barks, herbs, citrus peel, and flowers.","Classics like the Paper Plane and Black Manhattan rely on Amari (Nonino and Averna) to substitute for triple sec or sweet vermouth, adding bitter complexity.",
2026-09-20,TWIST,Citrus Twist Expression,21. Garnishes,Medium,"An expressed strip of citrus peel (lemon, orange, or grapefruit) whose volatile essential oils are sprayed over the surface of a finished cocktail.",Expressing the zest skin-side down over a Martini or Sazerac provides intense citrus fragrance on the nose without introducing the juice's acidic citric liquid.,
2026-09-21,AGAVE,Blue Weber Agave,3. Core Spirits,Medium,"The succulent plant heart (piña) harvested, steamed or roasted, and fermented to distill authentic Tequila and Mezcal.","Agave nectar is the signature sweetener in Julio Bermejo's 1990 modern classic, the Tommy's Margarita, amplifying the 100% agave tequila notes.",
2026-09-22,SMASH,The Smash Family,4. Cocktail Families,Hard,"A historic 19th-century cocktail family marrying a spirit base with muddled fresh herbs (typically mint), citrus chunks, and cracked ice.","Documented by Jerry Thomas in 1862, the Smash was revitalized in 2008 by Jörg Meyer with the iconic Gin Basil Smash in Hamburg, Germany.",
2026-09-23,RINSE,Absinthe Glass Rinse,24. Bar Technique & Service,Expert,A technique where a minute volume of high-proof aromatic spirit is swirled around the inside of a chilled glass to coat it before discarding excess.,Essential to the New Orleans Sazerac: an Herbsaint or Absinthe rinse ensures the anise aroma is encountered with every sip without overwhelming the rye whiskey.,
2026-09-24,JULEP,The Mint Julep,4. Cocktail Families,Medium,"A historic American highball built from bourbon, crushed mint, sugar, and finely crushed pebble ice served inside a frost-coated silver cup.",The iconic silver or pewter cup is held by the rim or base so body heat does not melt the dense wall of ice frosting the vessel.,
2026-09-25,FLUTE,Champagne Flute,20. Glassware,Easy,"A tall, narrow glass with a long stem designed to concentrate carbonation bubbles and aroma in sparkling wine cocktails.","Ideal for the French 75 and Classic Champagne Cocktail, preserving effervescence by reducing surface area exposure to air.",
2026-09-26,FROTH,Emulsified Foam,"16. Eggs, Dairy & Texture",Hard,"The dense, velvety head formed atop sours and fizzes via the mechanical denaturation of egg white or aquafaba proteins during shaking.",Achieved via the 'dry shake' (shaking all ingredients without ice) followed by a wet shake with ice to chill and dilute.,
2026-09-27,CLOVE,Aromatic Clove Spice,14. Spice & Seasoning,Expert,"The dried aromatic flower bud of Syzygium aromaticum, rich in eugenol and essential to historic hot punches and Tiki spiced syrups.","A key botanical in classic Angostura aromatic bitters and vintage Caribbean Falernum, lending warming depth to dark spirits.",
2026-09-28,COUPE,The Coupe Glass,20. Glassware,Beginner,"A shallow, broad-bowled stemmed glass originally designed for sparkling wine and now the standard vessel for shaken or stirred cocktails served up.","Despite the romantic urban legend that Marie Antoinette's breast modeled the glass shape, the coupe was created in mid-17th-century England specifically for Champagne.",
2026-09-29,SOURS,The Sour Family,4. Cocktail Families,Easy,"An elemental pillar of mixology combining a spirit base, sour citrus juice (usually lemon or lime), and a sweetening agent in precise equilibrium.","The Sour structure underpins half of the modern cocktail canon; master the Whiskey Sour and you inherently master the Daiquiri, Sidecar, and Margarita.",
2026-09-30,VODKA,Neutral Vodka Spirit,3. Core Spirits,Beginner,"A clear distilled spirit fermented from grains, potatoes, or beets and rectified to high proof to yield a characteristically clean and neutral profile.","Vodka ignited the mid-century American cocktail revolution through the Moscow Mule, smartly marketed in 1941 to sell Smirnoff vodka alongside copper mugs.",
2026-10-01,SYRUP,Simple Sugar Syrup,13. Sweeteners,Syrups & Cordials,Beginner,A solution of dissolved sugar and water (typically 1:1 for standard simple or 2:1 for rich simple) used to seamlessly sweeten cold cocktails.,Cold liquids cannot dissolve granulated sucrose easily; simple syrup was popularized in the 1800s to ensure uniform sweetness throughout chilled drinks.
2026-10-02,ZESTS,Expressed Citrus Zests,21. Garnishes,Medium,Strips of the pigmented outer rind (flavedo) containing pocketed citrus oils that are pinched or twisted to spray fragrant droplets across a cocktail.,Bartenders discard or trim away the bitter white pith (albedo) because only the colored flavedo houses the aromatic limonene oils that elevate the nose.,
2026-10-03,PISCO,South American Pisco,3. Core Spirits,Medium,"An aromatic, unaged grape brandy pot-distilled in Peru and Chile from fermented musts of specific grape varietals like Quebranta and Italia.","In Peru, Pisco must be distilled strictly to proof without adding water, caramel coloring, or barrel aging, preserving vibrant raw terroir.",
2026-10-04,STILL,The Distillation Still,2. Distillation & Maturation,Easy,An apparatus (copper pot or industrial column) that boils fermented wash to selectively vaporize and condense alcohol from water and congeners.,"Copper remains the gold standard metal for stills because it chemically binds with volatile, sulfurous impurities during vapor phase, purifying the distillate.",
2026-10-05,SPOON,The Spiral Barspoon,19. Bar Tools & Hardware,Easy,"A long-handled, twisted metal spoon designed for smooth friction-free stirring in mixing glasses, layering spirits, and measuring small barspoon volumes.",The spiral shaft allows the bartender to gently rotate the bowl around the inside circumference of a mixing glass without churning air into the liquid.,
2026-10-06,TONIC,Quinine Tonic Water,23. Effervescence & Mixers,Beginner,"A carbonated soft drink flavored with cinchona bark extract (quinine), delivering a sharp bitterness balanced with sugar and citric acid.","British colonial officers stationed in India originally dissolved bitter prophylactic quinine powder into carbonated water with gin, sugar, and lime, inventing the Gin & Tonic.",
2026-10-07,LEMON,Eureka & Lisbon Lemon,15. Citrus,Juices & Acidity,Beginner,"The yellow citrus fruit providing bright, punchy citric acid (approximately 5-6% acidity) essential for sours, fizzes, collinses, and punches.","Unlike limes, which contain significant succinic and malic acids, lemons deliver a clean, sharp citric profile that pairs universally with aged spirits."
2026-10-08,CYNAR,Artichoke Amaro Cynar,11. Aperitifs & Amari,Medium,"An Italian bittersweet amaro infused with 13 herbs and plants, most notably cynarin extracted from artichoke leaves, clocking in at 16.5% ABV.","Introduced in 1952, Cynar has become a cult darling among craft bartenders, who frequently use it as a bittersweet substitute for Campari in modern Negronis.",
2026-10-09,ROCKS,The Old Fashioned Rocks Glass,20. Glassware,Beginner,"A short, sturdy tumbler with a heavy glass base, typically holding 6 to 10 ounces, designed for muddling and serving spirit-forward drinks over ice.",The term 'on the rocks' originated in early Scottish taverns when patrons poured whiskey over stones pulled from cold riverbeds before commercial ice refrigeration.,
2026-10-10,BASIL,Sweet Genovese Basil,25. Botanicals & Herbs,Medium,"A fragrant culinary herb belonging to the mint family, containing estragole and linalool, widely muddled to impart peppery herbal sweetness.","Jörg Meyer's Gin Basil Smash, invented in Hamburg's Bar Le Lion in 2008, uses an entire handful of fresh basil to dye the gin an electric, emerald green.",
2026-10-11,SUGAR,Granulated Sucrose,13. Sweeteners,Syrups & Cordials,Beginner,"The pure crystalline disaccharide extracted from cane or beets, acting as the fundamental counterweight to sour citrus and spirit proof.","The earliest recorded definition of a cocktail in 1806 stated it was 'a stimulating liquor, composed of spirits of any kind, sugar, water, and bitters.'"
2026-10-12,CLEAR,Directionally Frozen Clear Ice,18. Ice Craft & Thermal Dynamics,Medium,"Dense ice frozen unidirectionally (top-down) so air bubbles and dissolved mineral impurities are pushed to the bottom, yielding glass-like transparency.","Pioneered for barcraft by Camper English in 2009, directional freezing eliminates cloudy ice pockets that melt unevenly and crack prematurely upon pouring.",
2026-10-13,STIRS,The Stirring Technique,"17. Shaking, Stirring & Building",Easy,The barcraft practice of spinning ice and spirits smoothly in a mixing glass to achieve chilling and dilution without creating cloudiness or aeration.,"The fundamental golden rule of bartending states: if a cocktail contains only clear spirits, liqueurs, and vermouths, it must be stirred, never shaken.",
2026-10-14,OLIVE,Brined Spanish Olive,21. Garnishes,Beginner,A cured green olive (typically Queen or Manzanilla) skewered as the iconic savory garnish inside dry and dirty Martinis.,Superstitious bartenders always garnish Martinis with an odd number of olives—one or three—as serving an even pair is considered bad luck in bar folklore.,
2026-10-15,PUNCH,Historic Communal Punch,5. Historic & Vintage Punches,Easy,"A grand shared bowl beverage dating to 17th-century sailors, balancing five classical components: alcohol, citrus sour, sweet sugar, spice, and water.","The word derives from the Sanskrit 'pañc' meaning five; maritime trade voyages spread punch worldwide, establishing the foundation of all cocktail recipe design.",
2026-10-16,CASKS,Charred Oak Maturation Casks,2. Distillation & Maturation,Easy,"Wooden barrels (chiefly American white oak or European oak) in which distilled spirits rest to extract lactones, vanillin, tannins, and wood sugars.","American straight bourbon whiskey legally mandates aging inside brand-new, charred oak containers, creating sweet notes of caramel, toast, and vanilla.",
2026-10-17,ANISE,Star Anise & Aniseed,14. Spice & Seasoning,Medium,"Piquant licorice-flavored botanicals packed with the aromatic essential oil anethole, central to absinthe, pastis, arak, and aromatic bitters.","When water is added to anise-heavy spirits, anethole precipitates out of the ethanol solution, producing the milky opalescent phenomenon known as the louche.",
2026-10-18,ROSSO,Vermouth Rosso,10. Fortified & Aromatized Wines,Easy,"Italian-style sweet red vermouth fortified with neutral spirit, sweetened with caramelized sugar, and aromatized with wormwood and botanicals.","Vermouth Rosso is the indispensable sweet bridge in timeless cocktail monuments including the Manhattan, the Negroni, and the Boulevardier.",
2026-10-19,CHILL,Thermal Temperature Drop,18. Ice Craft & Thermal Dynamics,Beginner,"Lowering the liquid temperature of a drink to sub-zero Celsius ranges, muting spirit burn and tightening flavor coherence on the human palate.","Shaking or stirring cocktails with ice pulls drink temperatures down to between -2°C and -6°C due to enthalpy of fusion, far colder than standard refrigeration.",
2026-10-20,CRUST,The Crusta Glass Rim,4. Cocktail Families,Hard,A 19th-century cocktail style characterized by an elaborate crust of fine sugar coating the entire rim and a continuous spiral of lemon peel inside.,"Invented by Joseph Santini in 1850s New Orleans, the Brandy Crusta directly inspired the Margarita's salted rim and was among the first garnished cocktails.",
2026-10-21,GRAIN,Cereal Distillation Grain,1. Base Fermentation & Mash,Easy,"The cereal starch source (barley, corn, rye, wheat) malted and mashed with warm water so enzymes convert complex carbohydrates into fermentable sugars.","The composition of grains chosen for a whiskey mash bill determines its final personality: rye lends bold baking spice, while wheat yields smooth pastry notes.",
2026-10-22,SIEVE,The Fine Conical Strainer,19. Bar Tools & Hardware,Medium,A fine wire mesh cone held beneath a Hawthorne strainer during double straining to catch rogue ice slivers and citrus fruit pulp.,Double straining ensures shaken coupe drinks maintain a mirror-smooth liquid surface without floating ice fragments that prematurely dilute the cocktail.,
2026-10-23,CREAM,Heavy Dairy Cream,"16. Eggs, Dairy & Texture",Easy,"High-fat dairy cream added to dessert cocktails like the Brandy Alexander, White Russian, and Grasshopper for luxurious velvet mouthfeel.","Because fat coats the taste buds and suppresses spirit perception, cream-based cocktails require vigorous shaking with ice to thoroughly emulsify the fats.",
2026-10-24,BLEND,Electric Blender Whipping,"17. Shaking, Stirring & Building",Easy,"High-speed motorized mechanical blending with crushed ice to produce uniform, slushy frozen drinks like the Piña Colada and Frozen Margarita.","Fred Waring financed the iconic Waring Blendor in 1937, transforming Havana's El Floridita and tiki bars into frozen cocktail epicenters.",
2026-10-25,HONEY,Runny Honey Syrup,13. Sweeteners,Syrups & Cordials,Easy,Natural bee honey diluted with warm water (commonly in a 3:1 ratio) so its floral viscosity mixes seamlessly into chilled cocktail shakers.,Undiluted honey seizes into an intractable lump upon contact with ice; honey syrup was popularized in Prohibition-era classics like the Bee's Knees.
2026-10-26,TODDY,The Hot Toddy,4. Cocktail Families,Easy,"A warm restorative cocktail constructed from spirit (whiskey, rum, or brandy), hot water, honey or sugar, and warming spices like lemon and cloves.","In 18th-century Scotland and India, toddies were prescribed by physicians as medicinal draughts to warm travelers and soothe winter respiratory ailments.",
2026-10-27,DROPS,Pipette Dropper Micro-Dose,22. Bitters & Tinctures,Hard,"Ultra-precise liquid micro-measurements delivered via an eye-dropper pipette, used for high-potency cocktail elements like saline or absinthe.",Adding 4 to 5 drops of a 20% saline solution to citrus or bitter cocktails suppresses bitterness and naturally makes sweet and fruity notes pop on the tongue.,
2026-10-28,PEATY,Peated Islay Smoke,30. Sensory Evaluation,Flavor & Aroma,Medium,An intense phenolic flavor profile derived from burning decaying bog peat to dry germinated malted barley during traditional Scotch whisky kilning.,"In modern classics like Sam Ross's Penicillin, a peated Islay single malt is floated atop the cocktail so the earthy smoke directly greets the drinker's nose."
2026-10-29,CUBES,Standard Shaking Ice Cubes,18. Ice Craft & Thermal Dynamics,Easy,"Solid, square blocks of dense ice (typically 1-inch to 1.25-inch) that strike the optimal balance between rapid thermal chilling and controlled dilution.","Hoshizaki cube machines produce exceptionally dense, square cubes with minimal liquid surface moisture, making them standard equipment in world-class cocktail bars.",
2026-10-30,PICON,Amer Picon,11. Aperitifs & Amari,Hard,"A legendary French bittersweet bitter aperitif created by Gaétan Picon in 1837, macerating bitter orange peel, gentian, and cinchona bark.",Original French Picon is the indispensable authentic component of the classic Brooklyn cocktail and the Basque-American Picon Punch.,
2026-10-31,WHEEL,Sliced Citrus Wheel,21. Garnishes,Easy,"A cross-sectional circular slice of fresh citrus (lime, lemon, or orange) perched on the rim or rested flat across the ice surface of a tall drink.","Slicing through the equator of the fruit exposes all juice carpels, providing a decorative visual ring that perfumes the cocktail while signaling flavor notes.",
2026-11-01,YEAST,Distiller's Yeast Cultures,1. Base Fermentation & Mash,Medium,"Single-celled fungi (predominantly strains of Saccharomyces cerevisiae) that metabolize simple mash sugars into ethyl alcohol, carbon dioxide, and esters.","Heritage bourbon distilleries guard their proprietary live yeast strains in bank vaults, as distinct yeast strains produce signature fruity and floral aromas.",
2026-11-02,PRESS,Handheld Citrus Elbow Press,19. Bar Tools & Hardware,Easy,A heavy metal hinged handheld citrus squeezer that inverts fruit halves to extract maximum juice volume while expressing essential oils from the peel.,Bartenders insert citrus cut-side facing down into the bowl of the elbow press so the juice sprays through the holes rather than shooting upward into the eyes.,
2026-11-03,SLING,The Sling Family,4. Cocktail Families,Medium,"A historic long cocktail family combining spirit, sweetener, citrus, and soda or water, celebrated by the iconic Singapore Sling.","The Singapore Sling was created around 1915 by bartender Ngiam Tong Boon at Raffles Hotel Singapore as an inconspicuous, fruit-punch-colored drink for ladies.",
2026-11-04,JUICE,Fresh Citrus Juice,15. Citrus,Juices & Acidity,Beginner,Freshly extracted liquid from citrus fruits providing the foundational acid backbone that cuts through spirit warmth and rich sweeteners.,"In cocktail lore, fresh citrus juice achieves optimal flavor roughly 4 to 8 hours after squeezing, as atmospheric oxygen softens harsh volatile terpenes."
2026-11-05,BLANC,Vermouth Blanc,10. Fortified & Aromatized Wines,Medium,A French style of semi-sweet white vermouth (bianco in Italy) offering lush floral and botanical notes without the heavy bitterness of sweet red vermouth.,"Perfected in Chambéry, France by Dolin in the 1880s, Vermouth Blanc strikes a sophisticated middle ground in cocktails like the White Negroni and El Presidente.",
2026-11-06,SHRUB,Colonial Drinking Vinegar Shrub,13. Sweeteners,Syrups & Cordials,Hard,"A shelf-stable fruit syrup preserved with sugar and vinegar (acetic acid), traditionally used in colonial punches and contemporary low-ABV drinks.","Before widespread mechanical refrigeration, colonial Americans preserved seasonal berry harvests with cider vinegar and sugar, yielding a refreshing, tangy mixer."
2026-11-07,FLOAT,The Floating Technique,"17. Shaking, Stirring & Building",Easy,Gently pouring a lighter-density ingredient over the back of a spoon onto the top surface of a drink so it forms an unmixed upper layer.,Floating dark overproof rum on a Mai Tai or red wine atop a New York Sour creates dramatic visual contrast and ensures the aroma hits the palate first.,
2026-11-08,PROOF,Alcohol Proof Measurement,2. Distillation & Maturation,Easy,"A historical scale measuring alcohol strength; in the United States, proof is defined as exactly twice the percentage of alcohol by volume (ABV).","The term originated in the British Royal Navy, where gunpowder was soaked in rum; if the gunpowder still ignited, it was deemed 'proven' at 57.1% ABV.",
2026-11-09,THYME,Fresh Garden Thyme,25. Botanicals & Herbs,Medium,"A woody perennial herb packed with thymol, providing woodsy, savory herbal depth when shaken with clear spirits or infused into syrups.",Modern craft mixologists frequently clap fresh thyme sprigs or flash-flame them with a torch to volatilize herb oils directly before serving.,
2026-11-10,SMOKE,Glass & Spirit Smoked Infusion,"17. Shaking, Stirring & Building",Medium,"Exposing cocktail vessels or mixed spirits to swirling smoke generated from burning wood planks, cherrywood chips, cinnamon sticks, or herbs.","Inverted rocks glasses placed over smoldering bourbon cask wood shavings capture aromatic condensates, coating the glass interior with savory aromatics.",
2026-11-11,STOUT,Roasted Malt Stout Beer,"26. Fermented Beverages: Beer, Cider & Mead",Easy,"A very dark, top-fermented beer brewed with roasted unmalted barley, delivering pronounced espresso, dark chocolate, and roasted grain flavors.","The Black Velvet, concocted at London's Brooks's Club in 1861 to mourn Prince Albert, pairs equal measures of heavy dry Irish stout and sparkling Champagne.",
2026-11-12,ONION,Pickled Cocktail Pearl Onion,21. Garnishes,Medium,"A small pickled white pearl onion dropped into a classic Gin or Vodka Dry Martini, officially christening the cocktail as a Gibson.","Graphic artist Charles Dana Gibson famously challenged bartender Charley Connolly at New York's Players Club to improve the Martini, receiving the iconic pickled onion.",
2026-11-13,SOTOL,Chihuahuan Sotol Spirit,3. Core Spirits,Expert,"A regional Mexican distilled spirit crafted from the wild desert spoon plant (Dasylirion wheeleri) native to Chihuahua, Durango, and Coahuila.","Although often compared to mezcal, the sotol plant is not an agave; it belongs to the asparagus family and yields a uniquely grassy, piney, forest-floor distillate.",
2026-11-14,PEELS,Swaths of Citrus Peel,21. Garnishes,Beginner,"Wide strips of citrus skin sliced with a Y-peeler, expressed over a cocktail to coat the wash with essential oils, then placed gently inside the drink.","A horse's neck garnish uses an unbroken, curled peel from an entire lemon draped over the rim of a tall highball filled with ginger ale and brandy.",
2026-11-15,SWEET,Sweetness Flavor Profile,30. Sensory Evaluation,Flavor & Aroma,Beginner,"One of the five fundamental human taste sensations, perceived primarily on the tongue by T1R receptors detecting simple carbohydrates.",Sweetness performs a crucial functional role in mixology: it tempers the aggressive heat of high ethanol proofs and balances sharp organic fruit acids.
2026-11-16,CRUSH,Pulverized Crushed Ice,18. Ice Craft & Thermal Dynamics,Easy,"Fine, pebble-sized ice produced using a Lewis bag and mallet, maximizing surface contact area for rapid thermal transfer in juleps and tiki drinks.","The canvas Lewis bag absorbs excess liquid moisture as ice is hammered, ensuring the finished crushed ice remains bone-dry and easily moldable into frosty mounds.",
2026-11-17,BUILD,The Built-in-Glass Method,"17. Shaking, Stirring & Building",Beginner,"Constructing a cocktail directly inside the serving glass over ice by pouring ingredients sequentially, rather than using a shaker tin or mixing glass.","Long drinks like the Gin & Tonic, Dark 'n Stormy, and Paloma are built directly in highball glasses, keeping effervescence lively and intact.",
2026-11-18,GOMME,Classic Gomme Syrup,13. Sweeteners,Syrups & Cordials,Hard,"A traditional sugar syrup emulsified with gum arabic (acacia resin), giving cocktails a distinctive silkiness, weight, and anti-crystallization stability.","Indispensable in 19th-century bar manuals by Jerry Thomas, gomme syrup coats the palate and softens alcohol burn without adding excessive sweetness."
2026-11-19,MAIZE,Distillation Maize Corn,1. Base Fermentation & Mash,Medium,The cereal grain required by United States federal law to comprise at least 51 percent of the fermentable mash bill for authentic Kentucky Bourbon.,"High corn content infuses straight bourbon with sweet, soft, creamy profiles that harmonize effortlessly with the caramelized lactones extracted from charred oak barrels.",
2026-11-20,BYRRH,French Byrrh Aperitif,10. Fortified & Aromatized Wines,Expert,"A historic French aromatized wine-based quinquina aperitif from Thuir, blending red wine, mistelle, and cinchona bark macerated in oak vats.","Created by brothers Pallade and Simon Violet in 1866, Byrrh was initially sold in French pharmacies as a tonic wine to evade competitive wine merchant guilds.",
2026-11-21,KNIFE,The Paring Garnish Knife,19. Bar Tools & Hardware,Easy,"A compact, razor-sharp utility blade used by bartenders for delicate citrus wheel slicing, segmenting wedges, and carving creative garnishes.",Japanese paring knives with high-carbon steel blades are favored by cocktail craftsmen for cleanly severing citrus membranes without bruising the fruit pulp.,
2026-11-22,CHILI,Fresh & Infused Chili Pepper,14. Spice & Seasoning,Easy,"Capsicum peppers (such as jalapeño, habanero, or bird's eye) muddled or infused into spirits to provide fiery capsaicin tingling warmth to cocktails.","Capsaicin is alcohol-soluble rather than water-soluble, meaning chili infusions into high-proof spirits absorb fiery heat within just a few minutes of contact.",
2026-11-23,SPRIG,Fresh Mint Herb Sprig,21. Garnishes,Beginner,"A leafy cluster of fresh herbs (most commonly spearmint) inserted into crushed ice atop juleps, cobblers, and swizzles to deliver an aromatic bouquet.",Bartenders firmly slap an herb sprig against their wrist or between palms before inserting it into a drink; this bursts microscopic trichome oil glands without crushing leaves.,
2026-11-24,OAKED,Oaked Barrel Profile,2. Distillation & Maturation,Medium,"The sensory profile characterized by vanilla, toasted wood, baking spices, and tannins imparted to spirits during lengthy storage in oak casks.","Oak is uniquely cellularly porous, allowing minuscule amounts of oxygen to migrate inward, oxidizing harsh ethanol congeners into pleasant esters.",
2026-11-25,DAISY,The Daisy Cocktail Family,8. Sours,Daisies & Crumbly Sours,Hard,"A 19th-century cocktail genre combining spirit, citrus juice, and an orange liqueur or fruit syrup, served cold with crushed ice or seltzer.",The Margarita is literally Spanish for 'daisy'; substituting tequila into the classic Daisy structure with lime juice and triple sec created the world's most famous drink.
2026-11-26,BRINE,Olive & Pickle Brine,14. Spice & Seasoning,Beginner,"The salty, savory curing liquid from olive or pickle jars added in measured dashes to transform standard dry martinis into savory Dirty Martinis.","In 1901, New York bartender John O'Connor began muddling olives into martinis, eventually evolving into pouring pure jarred brine directly into the shaker.",
2026-11-27,FOAMS,Culinary Siphon Bar Foams,"16. Eggs, Dairy & Texture",Hard,"Light, aerated textural foams generated using an N2O culinary cream whipper, incorporating gelatin, agar, or egg whites over cocktail washes.","Popularized by Ferran Adrià at El Bulli, modernist siphon foams deliver fragrant aromas and lush textures without altering the clarity of the cocktail beneath.",
2026-11-28,SPEAR,Clear Highball Ice Spear,18. Ice Craft & Thermal Dynamics,Medium,"A long, slender prism of crystal-clear ice carved to fit snugly inside tall Collins or highball glasses, chilling effervescent drinks uniformly.","The monolithic ice spear minimizes surface area compared to loose cubes, keeping carbonated sodas and tonics bubbling vigorously for the entire drink duration.",
2026-11-29,CIDER,Fermented Hard Apple Cider,"26. Fermented Beverages: Beer, Cider & Mead",Easy,"An alcoholic beverage fermented from the pressed juice of apples, possessing natural malic acidity and crisp effervescence suitable for punches.","The Stone Fence, one of America's earliest recorded colonial mixed drinks, combined raw farmhouse hard cider with dark rum or applejack brandy.",
2026-11-30,WEDGE,Segmented Citrus Wedge,21. Garnishes,Beginner,A triangular longitudinal cut of fresh citrus (typically lime or lemon) notched on the pulp to rest securely on highball and rocks glass rims.,"Unlike expressed twists, wedges are functional interactive garnishes that permit the drinker to squeeze fresh, unmeasured acid directly into highballs to taste.",
2026-12-01,FLAME,Flamed Citrus Peel Expression,"17. Shaking, Stirring & Building",Medium,"Expressing volatile citrus peel oils through an open match or lighter flame over a drink, caramelizing the citrus oils and dropping toasted notes.","Flamed orange peels became legendary through cocktails like the Cosmopolitan, leaving an alluring charred citrus oil glaze across the glass rim.",
2026-12-02,ZUCCA,Rabarbaro Zucca Amaro,11. Aperitifs & Amari,Hard,"A historic Italian bittersweet amaro infused with Chinese rhubarb root (rabarbaro), gentian, cardamom, and citrus peel, yielding earthy smoke.","Dating back to 1845 Milan, Zucca was traditionally served at the entrance cafe of the Galleria Vittorio Emanuele II as a distinguished digestif.",
2026-12-03,BOOZY,Spirit-Forward Boozy Balance,30. Sensory Evaluation,Flavor & Aroma,Easy,"A cocktail sensory profile where the bold warmth, oak congeners, and botanical intensity of base spirits take precedence over sweetness or acidity.","Cocktails like the Sazerac, Old Fashioned, and Manhattan are celebrated examples of boozy builds, celebrated for sipping slowly as ambient warmth opens aromas."
2026-12-04,HEADS,Distillation Heads Cut,2. Distillation & Maturation,Hard,"The initial volatile liquid fraction condensing off a still, containing harsh low-boiling compounds like acetaldehyde, ethyl acetate, and acetone.","Master distillers ruthlessly discard or recycle the heads fraction, as these early run volatiles impart pungent solvent odors and cause brutal hangovers.",
2026-12-05,PORTO,Fortified Port Wine,10. Fortified & Aromatized Wines,Medium,"A rich, sweet Portuguese fortified wine from the Douro Valley, arrested during fermentation with neutral grape spirit (aguardente).","Port wine cobblers and ruby port flips were among the most celebrated drinks of the Victorian era, prized for deep berry richness and silky residual sugars.",
2026-12-06,ROOTS,Bitter Botanical Roots,25. Botanicals & Herbs,Medium,"Subterranean plant roots (such as gentian, angelica, licorice, and orris root) that provide the foundational bitter backbone and aromatic anchor of spirits.","Gentian root contains amarogentin, one of the most intensely bitter chemical compounds known to science, detected by human palates even at one part in 58 million.",
2026-12-07,BLADE,Speed Opener Bar Blade,19. Bar Tools & Hardware,Easy,"A flat stainless steel tool with an open bottle-cap leverage ring at one end and a spinner ring at the other, designed for rapid bottle service.","Developed for speed and flair bartending, the spinner ring hole allows bartenders to rapidly pull the tool from back pockets and spin it around fingers between pops.",
2026-12-08,CHUNK,Hand-Carved Ice Chunk,18. Ice Craft & Thermal Dynamics,Medium,"A large, irregular block of crystal-clear ice hand-carved with ice picks from Clinebell blocks to fit snugly inside an Old Fashioned rocks glass.","Because a single large chunk has a vastly lower surface-area-to-volume ratio than multiple cubes, it chills spirits effectively while reducing melting dilution.",
2026-12-09,FLIPS,The Flip Cocktail Family,4. Cocktail Families,Hard,"A historic family of rich, velvety cocktails prepared by shaking spirits or fortified wine with sugar and a whole raw egg, dusted with fresh nutmeg.","In colonial American taverns, flips were heated by plunging a red-hot iron loggerhead poker directly into beer and rum, carmelizing the eggs and sugars.",
2026-12-10,TAILS,Distillation Tails Cut,2. Distillation & Maturation,Hard,"The final heavy fraction of a distillation run containing high-boiling fusel alcohols, fatty acids, and water that must be separated from the heart.","While excessive tails can ruin a spirit with muddy cardboard flavors, small controlled amounts of tails are intentionally captured in rums and whiskies for weight.",
2026-12-11,WHEAT,Distilling Wheat Grain,1. Base Fermentation & Mash,Medium,A soft cereal grain used as a flavoring secondary grain in wheated bourbons (like Maker's Mark and Pappy Van Winkle) and high-end neutral vodkas.,"Replacing spicy rye with soft winter wheat in a bourbon mash bill softens the whiskey's edge, highlighting round honeyed sweetness and creamy pastry notes.",
2026-12-12,SECCO,Secco Sparkling Designation,23. Effervescence & Mixers,Medium,"The Italian designation for dry sparkling wine (such as Prosecco Secco) containing balanced residual sugar, essential for spritzes and Bellinis.","In Italian Prosecco classification, 'Secco' actually contains more residual sugar than 'Brut', offering the perfect touch of sweetness to balance bitter Aperol or Campari.",
2026-12-13,TONKA,Aromatic Tonka Bean,14. Spice & Seasoning,Expert,"The wrinkled seed of Dipteryx odorata, brimming with coumarin, providing a complex intoxicating fragrance of vanilla, sweet woodruff, and toasted almonds.","Popular in avant-garde European cocktail bars, grated tonka bean transforms simple syrups into multifaceted aromatic powerhouses for aged rum and whiskey drinks.",
2026-12-14,GRATE,The Microplane Nutmeg Grater,19. Bar Tools & Hardware,Easy,"A fine, sharp rasp tool used to shave fresh whole nutmeg, cinnamon bark, or citrus zest directly over foam-topped and creamy holiday cocktails.",Pre-ground packaged nutmeg rapidly loses volatile myristicin oils; grating fresh whole nutmeg right before serving unleashes a blast of warming spice aromas.,
2026-12-15,CRISP,Crisp Palate Refreshment,30. Sensory Evaluation,Flavor & Aroma,Easy,"A sensory descriptor for cocktails defined by high acidity, dry residual sugar levels, and lively effervescence that cleanses the palate.","Cocktails like the French 75 and Tom Collins excel at crispness, stimulating salivary flow and refreshing the mouth between bites of rich food."
2026-12-16,SALTY,Saline & Salt Seasoning,30. Sensory Evaluation,Flavor & Aroma,Easy,"The mineral taste profile produced by sodium ions, used around glass rims or inside cocktails to intensify sweetness and subdue perceived bitterness.",Salt acts as a universal flavor amplifier: a mere pinch in a cocktail dampens excessive bitter tannins while accentuating fruity citrus and floral esters.
2026-12-17,VEGAN,Aquafaba & Vegan Foams,"16. Eggs, Dairy & Texture",Medium,Plant-based mixology utilizing aquafaba (chickpea cooking water) or botanical foaming agents in place of traditional raw egg whites.,"Aquafaba contains soluble proteins and saponins that mimic the exact foaming properties of egg whites, creating thick velvety heads without any poultry scent.",
2026-12-18,BARKS,Bitter Medicinal Tree Barks,25. Botanicals & Herbs,Hard,"Harvested tree barks (primarily Cinchona, Angostura, and Cascarilla) steeped in alcohol to contribute foundational bitter alkaloids to amari and bitters.","Jesuit missionaries in 17th-century South America learned from indigenous Quechua people that cinchona bark successfully treated malaria, creating tonic water history.",
2026-12-19,LAGER,Bottom-Fermented Crisp Lager,"26. Fermented Beverages: Beer, Cider & Mead",Easy,"Clean, crisp beer fermented with bottom-fermenting Saccharomyces pastorianus yeast at cold cellar temperatures, ideal for beer cocktails.","Pale Mexican lagers serve as the crisp, effervescent base for the classic Michelada, mixed with lime juice, assorted savory sauces, and chili salt.",
2026-12-20,HEART,Distillation Hearts Fraction,2. Distillation & Maturation,Hard,"The coveted central cut of a distillation run, rich in pure ethanol and desirable flavor congeners, collected for barrel maturation and bottling.","The master distiller's artistry hinges on precisely timing the cut between heads, hearts, and tails using taste, nose, and hydrometer density readings.",
2026-12-21,LAYER,Density-Based Liquid Layering,"17. Shaking, Stirring & Building",Hard,"Stacking diverse spirits and liqueurs sequentially based on specific gravity, floating denser high-sugar liqueurs beneath lighter high-proof spirits.","The 19th-century French Pousse-Café style showcased up to seven distinct colored, unmixed stripes in a tall narrow glass, demanding surgical pouring discipline.",
2026-12-22,FIXES,The Fix Cocktail Family,4. Cocktail Families,Hard,"A 19th-century drink archetype constructed with spirit, lemon juice, and sugar or cordial, built over crushed ice and crowned with berries.","Jerry Thomas celebrated the Gin Fix and Brandy Fix in 1862; unlike sours, fixes were traditionally presented overflowing with shaved ice in small goblets.",
2026-12-23,CORKS,Natural Bark Bottle Closures,19. Bar Tools & Hardware,Beginner,"Compressible closures harvested from the bark of Quercus suber (cork oak), sealing wine and fortified spirit bottles against atmospheric oxidation.","Fortified wines like vermouth and sherry sealed with corks begin oxidizing the moment they are uncorked, mandating refrigeration after opening to avoid spoiling.",
2026-12-24,WATER,Dilution & Source Water,18. Ice Craft & Thermal Dynamics,Beginner,"The silent fourth ingredient of all cocktails; melting ice water lowers spirit proof, cools the mixture, and chemically releases aromatic volatile compounds.","As David Embury noted in 1948: proper dilution is what transforms raw distilled spirits into harmonious, palatable cocktails, comprising 15-25% of a finished drink.",
2026-12-25,STEIN,Traditional Heavy Beer Stein,20. Glassware,Easy,"A heavy ceramic, stoneware, or glass mug equipped with a sturdy handle, historically used for cold beer servings, shandies, and warm winter draughts.",The hinged pewter lid found on historic German steins was mandated by sanitary laws during the Black Death to prevent infected flies from entering beer.,
2026-12-26,SPRAY,Atomizer Mist Spray,24. Bar Technique & Service,Medium,Using a fine culinary glass perfume atomizer to mist high-proof aromatic spirits (like absinthe or peated scotch) over the glass or finished drink.,"Atomizer sprays provide maximum surface-area aromatic coverage on the glass rim with minimal liquid volume, delivering intense scent without overpowering the wash.",
2026-12-27,ACIDS,Pure Powdered Adjusting Acids,29. Molecular & Modernist Bar Prep,Hard,"Pure powdered organic acids (citric, malic, tartaric) dissolved into fresh juices or syrups to replicate citrus acidity without altering base flavors.",Acid-adjusting orange or grapefruit juice to match the 6% titratable acidity of lime juice enables bartenders to craft crystal-clear stirred citrus cocktails.,
2026-12-28,BEANS,Floating Coffee Beans,21. Garnishes,Easy,"Three whole roasted coffee beans floated atop sambuca or an Espresso Martini, traditional symbols of health, happiness, and prosperity.","In Italian tradition, serving sambuca 'con la mosca' (with the fly) involves floating three toasted beans that the drinker chews to counterbalance the sweet anise spirit.",
2026-12-29,TAFIA,Historic West Indies Tafia,3. Core Spirits,Expert,"The historic 17th- and 18th-century Caribbean precursor to commercial rum, crudely distilled from skimmings, fresh cane juice, and molasses.","Early Caribbean colonizers and privateers drank fiery, unrectified tafia; over generations, improved copper pot distillation refined tafia into fine Caribbean rums.",
2026-12-30,DRIED,Dehydrated Citrus Wheels,21. Garnishes,Easy,"Citrus wheels dried low and slow in a food dehydrator, producing crisp, translucent edible garnishes with concentrated aroma and shelf stability.","Dehydrated garnishes gained massive popularity in modern zero-waste cocktail bars, preventing spoilage of excess citrus while resting elegantly atop foam heads.",
2026-12-31,SMACK,The Hand Herb Smack,24. Bar Technique & Service,Easy,Clapping a fresh herb sprig (such as mint or basil) firmly between both palms before placing it as a garnish to rupture surface essential oil glands.,"Smacking herbs releases rich aromatic oils without crushing the stems; muddling herbs too aggressively ruptures cell walls, releasing unpleasantly bitter chlorophyll.",
2027-01-01,DERBY,The Brown Derby Cocktail,9. Modern Classic Cocktails,Hard,"A 1930s classic cocktail pairing bourbon whiskey with tart fresh grapefruit juice and rich honey syrup, shaken vigorously and served up.","Named after the famous hat-shaped Brown Derby restaurant in Los Angeles, this drink masterfully proves that grapefruit's bitter acidity pairs exceptionally with bourbon.",
2027-01-02,PINCH,The Micro Seasoning Pinch,14. Spice & Seasoning,Easy,"A minute measure of fine kosher or sea salt held between thumb and forefinger, added to cocktail shakers to chemically bind and balance flavors.","A tiny pinch of salt added to chocolate, egg white, or citrus cocktails reduces bitter perception while rounding out sweetness, functioning as mixology's secret seasoning.",
2027-01-03,COCOA,Cacao Nibs & Cocoa,14. Spice & Seasoning,Medium,"Roasted seeds of Theobroma cacao, yielding rich, bitter chocolate notes used in dark crèmes, spiced rim seasonings, and chocolate cocktail bitters.","Crème de Cacao was among the earliest sweet cordials documented in cocktail manuals, starring in the 20th Century cocktail and the beloved Grasshopper.",
2027-01-04,TOAST,The Celebratory Drink Toast,24. Bar Technique & Service,Beginner,"The ancient social custom of clinking glasses together and offering a verbal blessing, salutation, or honor before taking the first communal sip.","The term 'toast' dates to 17th-century England, where spiced roasted bread was dropped into bowls of hot spiced wine to absorb sediment and flavor the draught.",
2027-01-05,BATCH,Large-Format Pre-Batching,24. Bar Technique & Service,Medium,"Pre-mixing cocktail spirit, modifier, and bitter components in calculated volume ratios prior to service to ensure speed and recipe consistency.","World-class high-volume craft bars pre-batch spirits and dilution water into chilled bottles, allowing bartenders to serve complex cocktails in seconds.",